state,region,municipality,year,crop,yield_t_ha
South Australia,Mid North,Clare and Gilbert Valleys,2016,faba_bean,2.359929703378788
South Australia,Mid North,Clare and Gilbert Valleys,2016,chickpea,1.9636131569148518
South Australia,Mid North,Clare and Gilbert Valleys,2016,lentil,2.190310905532671
South Australia,Mid North,Clare and Gilbert Valleys,2017,faba_bean,2.293220311500108
South Australia,Mid North,Clare and Gilbert Valleys,2017,chickpea,1.8358476650980422
South Australia,Mid North,Clare and Gilbert Valleys,2017,lentil,1.9323050213389437
South Australia,Mid North,Clare and Gilbert Valleys,2018,faba_bean,2.076652148458209
South Australia,Mid North,Clare and Gilbert Valleys,2018,chickpea,1.6797921223088448
South Australia,Mid North,Clare and Gilbert Valleys,2018,lentil,1.8121405931188652
South Australia,Mid North,Clare and Gilbert Valleys,2019,faba_bean,2.3903944226723297
South Australia,Mid North,Clare and Gilbert Valleys,2019,chickpea,1.5710965508893
South Australia,Mid North,Clare and Gilbert Valleys,2019,lentil,1.754211526116107
South Australia,Mid North,Clare and Gilbert Valleys,2020,faba_bean,2.268633483613331
South Australia,Mid North,Clare and Gilbert Valleys,2020,chickpea,1.5936811133000734
South Australia,Mid North,Clare and Gilbert Valleys,2020,lentil,1.9324989725705874
South Australia,Mid North,Clare and Gilbert Valleys,2021,faba_bean,2.3649735646538566
South Australia,Mid North,Clare and Gilbert Valleys,2021,chickpea,1.7568425838903707
South Australia,Mid North,Clare and Gilbert Valleys,2021,lentil,1.9105230461005378
South Australia,Mid North,Clare and Gilbert Valleys,2022,faba_bean,2.359733882232937
South Australia,Mid North,Clare and Gilbert Valleys,2022,chickpea,1.681308403628379
South Australia,Mid North,Clare and Gilbert Valleys,2022,lentil,2.150523819944911
South Australia,Mid North,Clare and Gilbert Valleys,2023,faba_bean,2.3264056543998493
South Australia,Mid North,Clare and Gilbert Valleys,2023,chickpea,1.6744904607712505
South Australia,Mid North,Clare and Gilbert Valleys,2023,lentil,1.897490921965314
South Australia,Mid North,Clare and Gilbert Valleys,2024,faba_bean,2.2654659039155502
South Australia,Mid North,Clare and Gilbert Valleys,2024,chickpea,1.4836195702158455
South Australia,Mid North,Clare and Gilbert Valleys,2024,lentil,1.6383559491669875
South Australia,Mid North,Clare and Gilbert Valleys,2025,faba_bean,2.1948254701475967
South Australia,Mid North,Clare and Gilbert Valleys,2025,chickpea,1.6187699064256524
South Australia,Mid North,Clare and Gilbert Valleys,2025,lentil,1.6816330247620788
South Australia,Mid North,Goyder,2016,faba_bean,2.2737949631926586
South Australia,Mid North,Goyder,2016,chickpea,1.7532600052297598
South Australia,Mid North,Goyder,2016,lentil,1.9327771584061644
South Australia,Mid North,Goyder,2017,faba_bean,2.369433625726761
South Australia,Mid North,Goyder,2017,chickpea,1.822324749248438
South Australia,Mid North,Goyder,2017,lentil,2.0797164367644063
South Australia,Mid North,Goyder,2018,faba_bean,2.0711835361066195
South Australia,Mid North,Goyder,2018,chickpea,1.5355037705235728
South Australia,Mid North,Goyder,2018,lentil,1.938193292462505
South Australia,Mid North,Goyder,2019,faba_bean,2.22903798082097
South Australia,Mid North,Goyder,2019,chickpea,1.5708055285045595
South Australia,Mid North,Goyder,2019,lentil,1.6868775554488582
South Australia,Mid North,Goyder,2020,faba_bean,2.0966674370065737
South Australia,Mid North,Goyder,2020,chickpea,1.4893179170975706
South Australia,Mid North,Goyder,2020,lentil,1.8860399651266446
South Australia,Mid North,Goyder,2021,faba_bean,2.156188323030234
South Australia,Mid North,Goyder,2021,chickpea,1.6971861469869256
South Australia,Mid North,Goyder,2021,lentil,1.8481633392824517
South Australia,Mid North,Goyder,2022,faba_bean,2.3321121481144105
South Australia,Mid North,Goyder,2022,chickpea,1.5610151673688553
South Australia,Mid North,Goyder,2022,lentil,1.914690609295651
South Australia,Mid North,Goyder,2023,faba_bean,2.288654824104736
South Australia,Mid North,Goyder,2023,chickpea,1.6278564200043526
South Australia,Mid North,Goyder,2023,lentil,1.9118957246267372
South Australia,Mid North,Goyder,2024,faba_bean,1.8902780942548685
South Australia,Mid North,Goyder,2024,chickpea,1.6545776209748184
South Australia,Mid North,Goyder,2024,lentil,1.8564210654606905
South Australia,Mid North,Goyder,2025,faba_bean,2.3882573932088653
South Australia,Mid North,Goyder,2025,chickpea,1.4194386054755708
South Australia,Mid North,Goyder,2025,lentil,1.6572803347940914
South Australia,Mid North,Light,2016,faba_bean,2.432979531386477
South Australia,Mid North,Light,2016,chickpea,1.9978057928398893
South Australia,Mid North,Light,2016,lentil,2.138727269914528
South Australia,Mid North,Light,2017,faba_bean,2.5468452254855016
South Australia,Mid North,Light,2017,chickpea,1.7058938555932017
South Australia,Mid North,Light,2017,lentil,1.9630143024109015
South Australia,Mid North,Light,2018,faba_bean,2.158420103219611
South Australia,Mid North,Light,2018,chickpea,1.8225583661241056
South Australia,Mid North,Light,2018,lentil,1.7606992608823586
South Australia,Mid North,Light,2019,faba_bean,2.284155266304949
South Australia,Mid North,Light,2019,chickpea,1.9141623730375674
South Australia,Mid North,Light,2019,lentil,1.9735254972111094
South Australia,Mid North,Light,2020,faba_bean,2.3511184647405794
South Australia,Mid North,Light,2020,chickpea,1.5885986651455406
South Australia,Mid North,Light,2020,lentil,1.9046012963802823
South Australia,Mid North,Light,2021,faba_bean,2.3304808357193476
South Australia,Mid North,Light,2021,chickpea,1.6615791475059711
South Australia,Mid North,Light,2021,lentil,1.7561057453459208
South Australia,Mid North,Light,2022,faba_bean,2.285654035878421
South Australia,Mid North,Light,2022,chickpea,1.7776762514556024
South Australia,Mid North,Light,2022,lentil,2.0608490423318946
South Australia,Mid North,Light,2023,faba_bean,2.42260439484397
South Australia,Mid North,Light,2023,chickpea,1.762638230638526
South Australia,Mid North,Light,2023,lentil,1.8551923474288368
South Australia,Mid North,Light,2024,faba_bean,2.122376997278821
South Australia,Mid North,Light,2024,chickpea,1.472862236069183
South Australia,Mid North,Light,2024,lentil,1.7482761852577964
South Australia,Mid North,Light,2025,faba_bean,2.2454916267380653
South Australia,Mid North,Light,2025,chickpea,1.5644724543258053
South Australia,Mid North,Light,2025,lentil,1.8423658336818747
South Australia,Mid North,Mallala,2016,faba_bean,2.394787260646043
South Australia,Mid North,Mallala,2016,chickpea,1.7585356404868904
South Australia,Mid North,Mallala,2016,lentil,1.9980204753737216
South Australia,Mid North,Mallala,2017,faba_bean,2.3050959648462346
South Australia,Mid North,Mallala,2017,chickpea,1.7152442311082943
South Australia,Mid North,Mallala,2017,lentil,2.0714401035922276
South Australia,Mid North,Mallala,2018,faba_bean,2.2990133465126386
South Australia,Mid North,Mallala,2018,chickpea,1.7532474512512672
South Australia,Mid North,Mallala,2018,lentil,1.9922830225369264
South Australia,Mid North,Mallala,2019,faba_bean,2.0549756589477566
South Australia,Mid North,Mallala,2019,chickpea,1.6911436640701911
South Australia,Mid North,Mallala,2019,lentil,1.9146050832831463
South Australia,Mid North,Mallala,2020,faba_bean,2.110610647464612
South Australia,Mid North,Mallala,2020,chickpea,1.502321780285071
South Australia,Mid North,Mallala,2020,lentil,1.8068419777989575
South Australia,Mid North,Mallala,2021,faba_bean,2.252499552529872
South Australia,Mid North,Mallala,2021,chickpea,1.7641467878203938
South Australia,Mid North,Mallala,2021,lentil,1.7801252518415625
South Australia,Mid North,Mallala,2022,faba_bean,2.207468750768987
South Australia,Mid North,Mallala,2022,chickpea,1.6023078917042899
South Australia,Mid North,Mallala,2022,lentil,1.8579227318247717
South Australia,Mid North,Mallala,2023,faba_bean,2.26566114981701
South Australia,Mid North,Mallala,2023,chickpea,1.7950939159999606
South Australia,Mid North,Mallala,2023,lentil,1.8652173482002699
South Australia,Mid North,Mallala,2024,faba_bean,2.0740182695612033
South Australia,Mid North,Mallala,2024,chickpea,1.2898675736860752
South Australia,Mid North,Mallala,2024,lentil,1.6358229164440132
South Australia,Mid North,Mallala,2025,faba_bean,2.38901891847086
South Australia,Mid North,Mallala,2025,chickpea,1.5946503335635336
South Australia,Mid North,Mallala,2025,lentil,1.8936414557641206
South Australia,Mid North,Peterborough,2016,faba_bean,2.4158656513302676
South Australia,Mid North,Peterborough,2016,chickpea,1.7375586556286697
South Australia,Mid North,Peterborough,2016,lentil,2.2073419468812228
South Australia,Mid North,Peterborough,2017,faba_bean,2.3986553928679686
South Australia,Mid North,Peterborough,2017,chickpea,1.8909433715311352
South Australia,Mid North,Peterborough,2017,lentil,2.043189234145146
South Australia,Mid North,Peterborough,2018,faba_bean,2.219988398856165
South Australia,Mid North,Peterborough,2018,chickpea,1.5748169235649567
South Australia,Mid North,Peterborough,2018,lentil,1.756968874847926
South Australia,Mid North,Peterborough,2019,faba_bean,2.1376219611193816
South Australia,Mid North,Peterborough,2019,chickpea,1.4380917407517313
South Australia,Mid North,Peterborough,2019,lentil,1.9008986195340545
South Australia,Mid North,Peterborough,2020,faba_bean,2.199733281626197
South Australia,Mid North,Peterborough,2020,chickpea,1.7004066674516374
South Australia,Mid North,Peterborough,2020,lentil,1.7000775147517264
South Australia,Mid North,Peterborough,2021,faba_bean,2.528256995509643
South Australia,Mid North,Peterborough,2021,chickpea,1.686910698407241
South Australia,Mid North,Peterborough,2021,lentil,1.8763394676920837
South Australia,Mid North,Peterborough,2022,faba_bean,2.332918210602696
South Australia,Mid North,Peterborough,2022,chickpea,1.6623242416394244
South Australia,Mid North,Peterborough,2022,lentil,1.9971627010866497
South Australia,Mid North,Peterborough,2023,faba_bean,2.3902899073863493
South Australia,Mid North,Peterborough,2023,chickpea,1.6348697870563256
South Australia,Mid North,Peterborough,2023,lentil,1.9708184855302007
South Australia,Mid North,Peterborough,2024,faba_bean,1.9035373897651635
South Australia,Mid North,Peterborough,2024,chickpea,1.4263080860538435
South Australia,Mid North,Peterborough,2024,lentil,1.663880209569538
South Australia,Mid North,Peterborough,2025,faba_bean,2.237766703540836
South Australia,Mid North,Peterborough,2025,chickpea,1.6789540405486358
South Australia,Mid North,Peterborough,2025,lentil,1.7639077314687703
South Australia,Yorke Peninsula,Barunga West,2016,faba_bean,2.270052597973909
South Australia,Yorke Peninsula,Barunga West,2016,chickpea,1.6534244269977552
South Australia,Yorke Peninsula,Barunga West,2016,lentil,1.674671518199384
South Australia,Yorke Peninsula,Barunga West,2017,faba_bean,2.057928770039697
South Australia,Yorke Peninsula,Barunga West,2017,chickpea,1.5622322673589761
South Australia,Yorke Peninsula,Barunga West,2017,lentil,1.5865982744936844
South Australia,Yorke Peninsula,Barunga West,2018,faba_bean,2.192183262559054
South Australia,Yorke Peninsula,Barunga West,2018,chickpea,1.5889733811299585
South Australia,Yorke Peninsula,Barunga West,2018,lentil,1.683722118622501
South Australia,Yorke Peninsula,Barunga West,2019,faba_bean,2.3316432979249395
South Australia,Yorke Peninsula,Barunga West,2019,chickpea,1.6541659478218964
South Australia,Yorke Peninsula,Barunga West,2019,lentil,1.7186718099007499
South Australia,Yorke Peninsula,Barunga West,2020,faba_bean,2.2233822459812456
South Australia,Yorke Peninsula,Barunga West,2020,chickpea,1.4151255860579763
South Australia,Yorke Peninsula,Barunga West,2020,lentil,1.9295429525081793
South Australia,Yorke Peninsula,Barunga West,2021,faba_bean,2.0887660375456707
South Australia,Yorke Peninsula,Barunga West,2021,chickpea,1.6103075505908568
South Australia,Yorke Peninsula,Barunga West,2021,lentil,1.6374645850874285
South Australia,Yorke Peninsula,Barunga West,2022,faba_bean,1.9933578502729277
South Australia,Yorke Peninsula,Barunga West,2022,chickpea,1.4561755703854917
South Australia,Yorke Peninsula,Barunga West,2022,lentil,1.8204640943146015
South Australia,Yorke Peninsula,Barunga West,2023,faba_bean,2.442502903092669
South Australia,Yorke Peninsula,Barunga West,2023,chickpea,2.0100532694615496
South Australia,Yorke Peninsula,Barunga West,2023,lentil,2.25329891047075
South Australia,Yorke Peninsula,Barunga West,2024,faba_bean,2.3158891625774567
South Australia,Yorke Peninsula,Barunga West,2024,chickpea,1.7474921069403098
South Australia,Yorke Peninsula,Barunga West,2024,lentil,1.9488582373615793
South Australia,Yorke Peninsula,Barunga West,2025,faba_bean,2.3003452129953077
South Australia,Yorke Peninsula,Barunga West,2025,chickpea,1.7794548063996487
South Australia,Yorke Peninsula,Barunga West,2025,lentil,1.6478359740245865
South Australia,Yorke Peninsula,Copper Coast,2016,faba_bean,2.0636840961004
South Australia,Yorke Peninsula,Copper Coast,2016,chickpea,1.467468112574169
South Australia,Yorke Peninsula,Copper Coast,2016,lentil,1.82732147303752
South Australia,Yorke Peninsula,Copper Coast,2017,faba_bean,2.11968222515136
South Australia,Yorke Peninsula,Copper Coast,2017,chickpea,1.4615276742015455
South Australia,Yorke Peninsula,Copper Coast,2017,lentil,1.804340746474313
South Australia,Yorke Peninsula,Copper Coast,2018,faba_bean,2.3716977168351843
South Australia,Yorke Peninsula,Copper Coast,2018,chickpea,1.77131621725444
South Australia,Yorke Peninsula,Copper Coast,2018,lentil,1.878419687819673
South Australia,Yorke Peninsula,Copper Coast,2019,faba_bean,2.3966524513686465
South Australia,Yorke Peninsula,Copper Coast,2019,chickpea,1.3684837309654014
South Australia,Yorke Peninsula,Copper Coast,2019,lentil,1.7664174750174344
South Australia,Yorke Peninsula,Copper Coast,2020,faba_bean,2.3009538966581493
South Australia,Yorke Peninsula,Copper Coast,2020,chickpea,1.728145078794676
South Australia,Yorke Peninsula,Copper Coast,2020,lentil,1.8032947271013464
South Australia,Yorke Peninsula,Copper Coast,2021,faba_bean,2.1461444916591494
South Australia,Yorke Peninsula,Copper Coast,2021,chickpea,1.7433815471092657
South Australia,Yorke Peninsula,Copper Coast,2021,lentil,1.7244767266093761
South Australia,Yorke Peninsula,Copper Coast,2022,faba_bean,2.2661058105546346
South Australia,Yorke Peninsula,Copper Coast,2022,chickpea,1.5291108208419897
South Australia,Yorke Peninsula,Copper Coast,2022,lentil,1.4486131785183702
South Australia,Yorke Peninsula,Copper Coast,2023,faba_bean,2.6661594111498683
South Australia,Yorke Peninsula,Copper Coast,2023,chickpea,2.039147003001409
South Australia,Yorke Peninsula,Copper Coast,2023,lentil,2.059779056915707
South Australia,Yorke Peninsula,Copper Coast,2024,faba_bean,2.329423436471203
South Australia,Yorke Peninsula,Copper Coast,2024,chickpea,1.6227076346776081
South Australia,Yorke Peninsula,Copper Coast,2024,lentil,1.7400237028602696
South Australia,Yorke Peninsula,Copper Coast,2025,faba_bean,2.377716266700335
South Australia,Yorke Peninsula,Copper Coast,2025,chickpea,1.4460729540301132
South Australia,Yorke Peninsula,Copper Coast,2025,lentil,1.986959211928319
South Australia,Yorke Peninsula,Wakefield,2016,faba_bean,2.256134253998437
South Australia,Yorke Peninsula,Wakefield,2016,chickpea,1.490722510962674
South Australia,Yorke Peninsula,Wakefield,2016,lentil,1.7437264963001575
South Australia,Yorke Peninsula,Wakefield,2017,faba_bean,2.146348539654982
South Australia,Yorke Peninsula,Wakefield,2017,chickpea,1.422457916974146
South Australia,Yorke Peninsula,Wakefield,2017,lentil,1.5377484951094094
South Australia,Yorke Peninsula,Wakefield,2018,faba_bean,2.065980598862234
South Australia,Yorke Peninsula,Wakefield,2018,chickpea,1.9932167206739702
South Australia,Yorke Peninsula,Wakefield,2018,lentil,1.7935596909393108
South Australia,Yorke Peninsula,Wakefield,2019,faba_bean,2.2304133985396875
South Australia,Yorke Peninsula,Wakefield,2019,chickpea,1.5884223517668905
South Australia,Yorke Peninsula,Wakefield,2019,lentil,1.9821997343130993
South Australia,Yorke Peninsula,Wakefield,2020,faba_bean,2.1482790586810316
South Australia,Yorke Peninsula,Wakefield,2020,chickpea,1.5151062904569186
South Australia,Yorke Peninsula,Wakefield,2020,lentil,1.702960126898868
South Australia,Yorke Peninsula,Wakefield,2021,faba_bean,2.191871784026718
South Australia,Yorke Peninsula,Wakefield,2021,chickpea,1.647760837809741
South Australia,Yorke Peninsula,Wakefield,2021,lentil,1.7992568890797813
South Australia,Yorke Peninsula,Wakefield,2022,faba_bean,1.9297796363073867
South Australia,Yorke Peninsula,Wakefield,2022,chickpea,1.4124593957645606
South Australia,Yorke Peninsula,Wakefield,2022,lentil,1.591306873159652
South Australia,Yorke Peninsula,Wakefield,2023,faba_bean,2.7211162191322003
South Australia,Yorke Peninsula,Wakefield,2023,chickpea,1.7480409802795478
South Australia,Yorke Peninsula,Wakefield,2023,lentil,2.1635125594614473
South Australia,Yorke Peninsula,Wakefield,2024,faba_bean,2.380452846613081
South Australia,Yorke Peninsula,Wakefield,2024,chickpea,1.5193824813882593
South Australia,Yorke Peninsula,Wakefield,2024,lentil,1.8049636694214575
South Australia,Yorke Peninsula,Wakefield,2025,faba_bean,1.9946146545607832
South Australia,Yorke Peninsula,Wakefield,2025,chickpea,1.9000556647778166
South Australia,Yorke Peninsula,Wakefield,2025,lentil,1.644981579259589
South Australia,Yorke Peninsula,Wallaroo,2016,faba_bean,2.066393352782801
South Australia,Yorke Peninsula,Wallaroo,2016,chickpea,1.4359556053918523
South Australia,Yorke Peninsula,Wallaroo,2016,lentil,1.7377452597966228
South Australia,Yorke Peninsula,Wallaroo,2017,faba_bean,2.1491022484947004
South Australia,Yorke Peninsula,Wallaroo,2017,chickpea,1.2787914303857653
South Australia,Yorke Peninsula,Wallaroo,2017,lentil,1.840569451082224
South Australia,Yorke Peninsula,Wallaroo,2018,faba_bean,2.3065775198156073
South Australia,Yorke Peninsula,Wallaroo,2018,chickpea,1.699944498597815
South Australia,Yorke Peninsula,Wallaroo,2018,lentil,1.9473953916480709
South Australia,Yorke Peninsula,Wallaroo,2019,faba_bean,2.3201212394653306
South Australia,Yorke Peninsula,Wallaroo,2019,chickpea,1.4709567381384887
South Australia,Yorke Peninsula,Wallaroo,2019,lentil,1.853203959898931
South Australia,Yorke Peninsula,Wallaroo,2020,faba_bean,2.3364994580004836
South Australia,Yorke Peninsula,Wallaroo,2020,chickpea,1.7471498561980041
South Australia,Yorke Peninsula,Wallaroo,2020,lentil,1.8421450280121117
South Australia,Yorke Peninsula,Wallaroo,2021,faba_bean,2.287205117521911
South Australia,Yorke Peninsula,Wallaroo,2021,chickpea,1.5570444870528
South Australia,Yorke Peninsula,Wallaroo,2021,lentil,1.792435487426505
South Australia,Yorke Peninsula,Wallaroo,2022,faba_bean,2.0489168735185412
South Australia,Yorke Peninsula,Wallaroo,2022,chickpea,1.160867409554809
South Australia,Yorke Peninsula,Wallaroo,2022,lentil,1.4452344006192934
South Australia,Yorke Peninsula,Wallaroo,2023,faba_bean,2.6159719863275352
South Australia,Yorke Peninsula,Wallaroo,2023,chickpea,1.821243516923441
South Australia,Yorke Peninsula,Wallaroo,2023,lentil,2.0609538328752706
South Australia,Yorke Peninsula,Wallaroo,2024,faba_bean,2.415835254112533
South Australia,Yorke Peninsula,Wallaroo,2024,chickpea,1.6458505519736009
South Australia,Yorke Peninsula,Wallaroo,2024,lentil,1.8521462600448717
South Australia,Yorke Peninsula,Wallaroo,2025,faba_bean,2.069290011850689
South Australia,Yorke Peninsula,Wallaroo,2025,chickpea,1.6490260748830885
South Australia,Yorke Peninsula,Wallaroo,2025,lentil,1.9247649908826097
South Australia,Yorke Peninsula,Yorke Peninsula,2016,faba_bean,2.2114833153632
South Australia,Yorke Peninsula,Yorke Peninsula,2016,chickpea,1.5687607172005076
South Australia,Yorke Peninsula,Yorke Peninsula,2016,lentil,1.805340553804646
South Australia,Yorke Peninsula,Yorke Peninsula,2017,faba_bean,2.024051586467113
South Australia,Yorke Peninsula,Yorke Peninsula,2017,chickpea,1.4999575185073661
South Australia,Yorke Peninsula,Yorke Peninsula,2017,lentil,1.7579384183814335
South Australia,Yorke Peninsula,Yorke Peninsula,2018,faba_bean,2.147021707501557
South Australia,Yorke Peninsula,Yorke Peninsula,2018,chickpea,1.6106369902738282
South Australia,Yorke Peninsula,Yorke Peninsula,2018,lentil,1.907040638233417
South Australia,Yorke Peninsula,Yorke Peninsula,2019,faba_bean,2.2231388478927223
South Australia,Yorke Peninsula,Yorke Peninsula,2019,chickpea,1.6084200548671175
South Australia,Yorke Peninsula,Yorke Peninsula,2019,lentil,1.8756015035764042
South Australia,Yorke Peninsula,Yorke Peninsula,2020,faba_bean,2.136628029343493
South Australia,Yorke Peninsula,Yorke Peninsula,2020,chickpea,1.5944793402717141
South Australia,Yorke Peninsula,Yorke Peninsula,2020,lentil,1.851806567108433
South Australia,Yorke Peninsula,Yorke Peninsula,2021,faba_bean,2.2830730874687166
South Australia,Yorke Peninsula,Yorke Peninsula,2021,chickpea,1.5270489292279545
South Australia,Yorke Peninsula,Yorke Peninsula,2021,lentil,1.8700674572803502
South Australia,Yorke Peninsula,Yorke Peninsula,2022,faba_bean,2.2259526543911514
South Australia,Yorke Peninsula,Yorke Peninsula,2022,chickpea,1.2671471330913289
South Australia,Yorke Peninsula,Yorke Peninsula,2022,lentil,1.6124627376922573
South Australia,Yorke Peninsula,Yorke Peninsula,2023,faba_bean,2.4153463284066206
South Australia,Yorke Peninsula,Yorke Peninsula,2023,chickpea,1.891520835124526
South Australia,Yorke Peninsula,Yorke Peninsula,2023,lentil,2.056626677097845
South Australia,Yorke Peninsula,Yorke Peninsula,2024,faba_bean,2.145846535466175
South Australia,Yorke Peninsula,Yorke Peninsula,2024,chickpea,1.5443140096918715
South Australia,Yorke Peninsula,Yorke Peninsula,2024,lentil,1.5353564844947964
South Australia,Yorke Peninsula,Yorke Peninsula,2025,faba_bean,2.2582380899636316
South Australia,Yorke Peninsula,Yorke Peninsula,2025,chickpea,1.6069004647617986
South Australia,Yorke Peninsula,Yorke Peninsula,2025,lentil,1.942740114980711
Western Australia,Great Southern,Albany,2016,faba_bean,2.4469122463310407
Western Australia,Great Southern,Albany,2016,chickpea,1.6237886132491783
Western Australia,Great Southern,Albany,2016,lentil,1.8605781352912114
Western Australia,Great Southern,Albany,2017,faba_bean,2.117781301318056
Western Australia,Great Southern,Albany,2017,chickpea,1.6847745724009222
Western Australia,Great Southern,Albany,2017,lentil,1.9244103320088777
Western Australia,Great Southern,Albany,2018,faba_bean,2.330718645095407
Western Australia,Great Southern,Albany,2018,chickpea,1.8219321406645983
Western Australia,Great Southern,Albany,2018,lentil,1.8620748055294836
Western Australia,Great Southern,Albany,2019,faba_bean,2.0063639042063786
Western Australia,Great Southern,Albany,2019,chickpea,1.5743967585478589
Western Australia,Great Southern,Albany,2019,lentil,2.1638085733180477
Western Australia,Great Southern,Albany,2020,faba_bean,2.0228199747222226
Western Australia,Great Southern,Albany,2020,chickpea,1.5056662631822033
Western Australia,Great Southern,Albany,2020,lentil,1.8719787817288864
Western Australia,Great Southern,Albany,2021,faba_bean,2.4673256069447937
Western Australia,Great Southern,Albany,2021,chickpea,1.8166746288956888
Western Australia,Great Southern,Albany,2021,lentil,2.105702142283628
Western Australia,Great Southern,Albany,2022,faba_bean,2.480059568766029
Western Australia,Great Southern,Albany,2022,chickpea,2.1642714952710227
Western Australia,Great Southern,Albany,2022,lentil,2.0507711308021395
Western Australia,Great Southern,Albany,2023,faba_bean,2.0015051858631154
Western Australia,Great Southern,Albany,2023,chickpea,1.512457086836625
Western Australia,Great Southern,Albany,2023,lentil,1.6921692411697846
Western Australia,Great Southern,Albany,2024,faba_bean,2.4125170084808882
Western Australia,Great Southern,Albany,2024,chickpea,1.5959811069635645
Western Australia,Great Southern,Albany,2024,lentil,1.6998114385474115
Western Australia,Great Southern,Albany,2025,faba_bean,2.29262672896242
Western Australia,Great Southern,Albany,2025,chickpea,1.6572511352148005
Western Australia,Great Southern,Albany,2025,lentil,1.8965713839243985
Western Australia,Great Southern,Broomehill-Tambellup,2016,faba_bean,2.3324402154670656
Western Australia,Great Southern,Broomehill-Tambellup,2016,chickpea,1.7788351277081902
Western Australia,Great Southern,Broomehill-Tambellup,2016,lentil,1.8323737800972428
Western Australia,Great Southern,Broomehill-Tambellup,2017,faba_bean,2.082555795786157
Western Australia,Great Southern,Broomehill-Tambellup,2017,chickpea,1.7503950753021222
Western Australia,Great Southern,Broomehill-Tambellup,2017,lentil,1.8741111469407103
Western Australia,Great Southern,Broomehill-Tambellup,2018,faba_bean,2.393681262974489
Western Australia,Great Southern,Broomehill-Tambellup,2018,chickpea,1.7957489860868072
Western Australia,Great Southern,Broomehill-Tambellup,2018,lentil,1.798830686319965
Western Australia,Great Southern,Broomehill-Tambellup,2019,faba_bean,2.267559322879335
Western Australia,Great Southern,Broomehill-Tambellup,2019,chickpea,1.3975405315468366
Western Australia,Great Southern,Broomehill-Tambellup,2019,lentil,1.8592096327678438
Western Australia,Great Southern,Broomehill-Tambellup,2020,faba_bean,2.0583377104667058
Western Australia,Great Southern,Broomehill-Tambellup,2020,chickpea,1.8373553397249758
Western Australia,Great Southern,Broomehill-Tambellup,2020,lentil,1.9872902261982301
Western Australia,Great Southern,Broomehill-Tambellup,2021,faba_bean,2.2918719098316944
Western Australia,Great Southern,Broomehill-Tambellup,2021,chickpea,1.6887550830801035
Western Australia,Great Southern,Broomehill-Tambellup,2021,lentil,2.044806556132335
Western Australia,Great Southern,Broomehill-Tambellup,2022,faba_bean,2.225166807297867
Western Australia,Great Southern,Broomehill-Tambellup,2022,chickpea,1.9649803929601417
Western Australia,Great Southern,Broomehill-Tambellup,2022,lentil,1.9535123827132466
Western Australia,Great Southern,Broomehill-Tambellup,2023,faba_bean,2.045718074448202
Western Australia,Great Southern,Broomehill-Tambellup,2023,chickpea,1.3690116467647662
Western Australia,Great Southern,Broomehill-Tambellup,2023,lentil,1.8414631144846343
Western Australia,Great Southern,Broomehill-Tambellup,2024,faba_bean,2.341504762925766
Western Australia,Great Southern,Broomehill-Tambellup,2024,chickpea,1.7038527928201885
Western Australia,Great Southern,Broomehill-Tambellup,2024,lentil,1.7364307342100807
Western Australia,Great Southern,Broomehill-Tambellup,2025,faba_bean,2.377021162288044
Western Australia,Great Southern,Broomehill-Tambellup,2025,chickpea,1.633982412633671
Western Australia,Great Southern,Broomehill-Tambellup,2025,lentil,1.8023628368322802
Western Australia,Great Southern,Cranbrook,2016,faba_bean,2.433173294499197
Western Australia,Great Southern,Cranbrook,2016,chickpea,1.7476413429316755
Western Australia,Great Southern,Cranbrook,2016,lentil,2.0182653896107543
Western Australia,Great Southern,Cranbrook,2017,faba_bean,2.4480392639171225
Western Australia,Great Southern,Cranbrook,2017,chickpea,1.5599294189004698
Western Australia,Great Southern,Cranbrook,2017,lentil,1.888486964652463
Western Australia,Great Southern,Cranbrook,2018,faba_bean,2.145970194438825
Western Australia,Great Southern,Cranbrook,2018,chickpea,1.4872237071596643
Western Australia,Great Southern,Cranbrook,2018,lentil,1.9179551627279146
Western Australia,Great Southern,Cranbrook,2019,faba_bean,2.023214519236853
Western Australia,Great Southern,Cranbrook,2019,chickpea,1.8302716077612755
Western Australia,Great Southern,Cranbrook,2019,lentil,1.857850446696235
Western Australia,Great Southern,Cranbrook,2020,faba_bean,2.0985815066991567
Western Australia,Great Southern,Cranbrook,2020,chickpea,1.3494748321395342
Western Australia,Great Southern,Cranbrook,2020,lentil,1.6911621392458218
Western Australia,Great Southern,Cranbrook,2021,faba_bean,2.3655286519714305
Western Australia,Great Southern,Cranbrook,2021,chickpea,1.7484510313369113
Western Australia,Great Southern,Cranbrook,2021,lentil,1.9212509919787346
Western Australia,Great Southern,Cranbrook,2022,faba_bean,2.7202204638909877
Western Australia,Great Southern,Cranbrook,2022,chickpea,1.882026366149556
Western Australia,Great Southern,Cranbrook,2022,lentil,2.037027262301151
Western Australia,Great Southern,Cranbrook,2023,faba_bean,2.191063363317493
Western Australia,Great Southern,Cranbrook,2023,chickpea,1.4799996727144094
Western Australia,Great Southern,Cranbrook,2023,lentil,1.8677260213956182
Western Australia,Great Southern,Cranbrook,2024,faba_bean,1.9487980618402467
Western Australia,Great Southern,Cranbrook,2024,chickpea,1.42962787482797
Western Australia,Great Southern,Cranbrook,2024,lentil,1.6066122430145344
Western Australia,Great Southern,Cranbrook,2025,faba_bean,2.246119984409808
Western Australia,Great Southern,Cranbrook,2025,chickpea,1.5651772307938994
Western Australia,Great Southern,Cranbrook,2025,lentil,1.9985759082228254
Western Australia,Great Southern,Denmark,2016,faba_bean,2.4042488476424544
Western Australia,Great Southern,Denmark,2016,chickpea,1.8325201738985155
Western Australia,Great Southern,Denmark,2016,lentil,2.0001998707915285
Western Australia,Great Southern,Denmark,2017,faba_bean,2.1795615813081852
Western Australia,Great Southern,Denmark,2017,chickpea,1.6749776548737707
Western Australia,Great Southern,Denmark,2017,lentil,1.7806607565851544
Western Australia,Great Southern,Denmark,2018,faba_bean,2.3583862542438427
Western Australia,Great Southern,Denmark,2018,chickpea,1.476361946815558
Western Australia,Great Southern,Denmark,2018,lentil,1.7590440516274035
Western Australia,Great Southern,Denmark,2019,faba_bean,2.3793120509845416
Western Australia,Great Southern,Denmark,2019,chickpea,1.683628853450905
Western Australia,Great Southern,Denmark,2019,lentil,1.8387813028113285
Western Australia,Great Southern,Denmark,2020,faba_bean,2.1140835565544416
Western Australia,Great Southern,Denmark,2020,chickpea,1.2796073752327195
Western Australia,Great Southern,Denmark,2020,lentil,1.8282616866904446
Western Australia,Great Southern,Denmark,2021,faba_bean,2.165068277540367
Western Australia,Great Southern,Denmark,2021,chickpea,1.672653732513616
Western Australia,Great Southern,Denmark,2021,lentil,1.9334701719719651
Western Australia,Great Southern,Denmark,2022,faba_bean,2.622781404188304
Western Australia,Great Southern,Denmark,2022,chickpea,2.0958182373845595
Western Australia,Great Southern,Denmark,2022,lentil,2.042959054577049
Western Australia,Great Southern,Denmark,2023,faba_bean,2.2413550909665245
Western Australia,Great Southern,Denmark,2023,chickpea,1.6350722089351788
Western Australia,Great Southern,Denmark,2023,lentil,1.6826460989117833
Western Australia,Great Southern,Denmark,2024,faba_bean,2.244520861514918
Western Australia,Great Southern,Denmark,2024,chickpea,1.450798085581607
Western Australia,Great Southern,Denmark,2024,lentil,1.7611507792604382
Western Australia,Great Southern,Denmark,2025,faba_bean,2.3772483972416527
Western Australia,Great Southern,Denmark,2025,chickpea,1.6627446660041079
Western Australia,Great Southern,Denmark,2025,lentil,1.8208162907029857
Western Australia,Great Southern,Plantagenet,2016,faba_bean,2.2298193385892717
Western Australia,Great Southern,Plantagenet,2016,chickpea,1.8203953751434516
Western Australia,Great Southern,Plantagenet,2016,lentil,2.003962256724735
Western Australia,Great Southern,Plantagenet,2017,faba_bean,2.2178695495030922
Western Australia,Great Southern,Plantagenet,2017,chickpea,1.784128825150356
Western Australia,Great Southern,Plantagenet,2017,lentil,1.6998846737798763
Western Australia,Great Southern,Plantagenet,2018,faba_bean,2.2843252741632947
Western Australia,Great Southern,Plantagenet,2018,chickpea,1.6852841745589295
Western Australia,Great Southern,Plantagenet,2018,lentil,1.5982480900189988
Western Australia,Great Southern,Plantagenet,2019,faba_bean,2.146324041597889
Western Australia,Great Southern,Plantagenet,2019,chickpea,1.621446440805991
Western Australia,Great Southern,Plantagenet,2019,lentil,1.8542825502448272
Western Australia,Great Southern,Plantagenet,2020,faba_bean,2.227152182475465
Western Australia,Great Southern,Plantagenet,2020,chickpea,1.3770519255787477
Western Australia,Great Southern,Plantagenet,2020,lentil,1.7464874180178385
Western Australia,Great Southern,Plantagenet,2021,faba_bean,2.384679743794504
Western Australia,Great Southern,Plantagenet,2021,chickpea,1.91862021572758
Western Australia,Great Southern,Plantagenet,2021,lentil,1.769969982628861
Western Australia,Great Southern,Plantagenet,2022,faba_bean,2.4420844254106218
Western Australia,Great Southern,Plantagenet,2022,chickpea,1.7735503036010978
Western Australia,Great Southern,Plantagenet,2022,lentil,2.201613687123426
Western Australia,Great Southern,Plantagenet,2023,faba_bean,1.934290967879907
Western Australia,Great Southern,Plantagenet,2023,chickpea,1.4610926586008048
Western Australia,Great Southern,Plantagenet,2023,lentil,1.9140016784018623
Western Australia,Great Southern,Plantagenet,2024,faba_bean,2.107335819340557
Western Australia,Great Southern,Plantagenet,2024,chickpea,1.440479705175285
Western Australia,Great Southern,Plantagenet,2024,lentil,1.8707062608087972
Western Australia,Great Southern,Plantagenet,2025,faba_bean,2.3204335331920607
Western Australia,Great Southern,Plantagenet,2025,chickpea,1.6787408903068464
Western Australia,Great Southern,Plantagenet,2025,lentil,1.9059689237575321
Western Australia,South Coast,Esperance,2016,faba_bean,2.170035358450543
Western Australia,South Coast,Esperance,2016,chickpea,1.3344184849431777
Western Australia,South Coast,Esperance,2016,lentil,1.7402962899151506
Western Australia,South Coast,Esperance,2017,faba_bean,2.255356844476176
Western Australia,South Coast,Esperance,2017,chickpea,1.9165707194433723
Western Australia,South Coast,Esperance,2017,lentil,2.007318426662293
Western Australia,South Coast,Esperance,2018,faba_bean,2.336898276718926
Western Australia,South Coast,Esperance,2018,chickpea,1.7226824680399269
Western Australia,South Coast,Esperance,2018,lentil,1.7758519981627945
Western Australia,South Coast,Esperance,2019,faba_bean,2.316568813549231
Western Australia,South Coast,Esperance,2019,chickpea,1.6562844448027947
Western Australia,South Coast,Esperance,2019,lentil,2.1165767717635924
Western Australia,South Coast,Esperance,2020,faba_bean,2.0870565458232564
Western Australia,South Coast,Esperance,2020,chickpea,1.3483042308454511
Western Australia,South Coast,Esperance,2020,lentil,1.8054315367756093
Western Australia,South Coast,Esperance,2021,faba_bean,2.3951892940131416
Western Australia,South Coast,Esperance,2021,chickpea,1.74568041187845
Western Australia,South Coast,Esperance,2021,lentil,2.0411305694371005
Western Australia,South Coast,Esperance,2022,faba_bean,2.331266394827946
Western Australia,South Coast,Esperance,2022,chickpea,1.8414228015960377
Western Australia,South Coast,Esperance,2022,lentil,1.9502882172672957
Western Australia,South Coast,Esperance,2023,faba_bean,2.1141876587594783
Western Australia,South Coast,Esperance,2023,chickpea,1.4085792303899818
Western Australia,South Coast,Esperance,2023,lentil,1.6197346051362593
Western Australia,South Coast,Esperance,2024,faba_bean,2.4781291663440856
Western Australia,South Coast,Esperance,2024,chickpea,1.9805110692525565
Western Australia,South Coast,Esperance,2024,lentil,2.001248635715227
Western Australia,South Coast,Esperance,2025,faba_bean,2.5204490731469726
Western Australia,South Coast,Esperance,2025,chickpea,1.7907703242979809
Western Australia,South Coast,Esperance,2025,lentil,2.055076896914731
Western Australia,South Coast,Gnowangerup,2016,faba_bean,2.3400877626789134
Western Australia,South Coast,Gnowangerup,2016,chickpea,1.6032873073180147
Western Australia,South Coast,Gnowangerup,2016,lentil,1.8211443431330152
Western Australia,South Coast,Gnowangerup,2017,faba_bean,2.328219915707893
Western Australia,South Coast,Gnowangerup,2017,chickpea,1.9597296523957597
Western Australia,South Coast,Gnowangerup,2017,lentil,1.8751088566651346
Western Australia,South Coast,Gnowangerup,2018,faba_bean,2.3236729339798403
Western Australia,South Coast,Gnowangerup,2018,chickpea,1.6027646068971724
Western Australia,South Coast,Gnowangerup,2018,lentil,1.9425484598545406
Western Australia,South Coast,Gnowangerup,2019,faba_bean,2.6646830944884194
Western Australia,South Coast,Gnowangerup,2019,chickpea,1.8671594752360876
Western Australia,South Coast,Gnowangerup,2019,lentil,2.0249860824666532
Western Australia,South Coast,Gnowangerup,2020,faba_bean,1.9816814109570644
Western Australia,South Coast,Gnowangerup,2020,chickpea,1.6679944072422503
Western Australia,South Coast,Gnowangerup,2020,lentil,1.6958315050848152
Western Australia,South Coast,Gnowangerup,2021,faba_bean,2.327875466864697
Western Australia,South Coast,Gnowangerup,2021,chickpea,1.5900279890076325
Western Australia,South Coast,Gnowangerup,2021,lentil,1.853278435952895
Western Australia,South Coast,Gnowangerup,2022,faba_bean,2.4379588637179372
Western Australia,South Coast,Gnowangerup,2022,chickpea,1.728144664234557
Western Australia,South Coast,Gnowangerup,2022,lentil,1.725643609337273
Western Australia,South Coast,Gnowangerup,2023,faba_bean,2.3573513567080004
Western Australia,South Coast,Gnowangerup,2023,chickpea,1.688085827480372
Western Australia,South Coast,Gnowangerup,2023,lentil,1.8617164391626537
Western Australia,South Coast,Gnowangerup,2024,faba_bean,2.342369868041971
Western Australia,South Coast,Gnowangerup,2024,chickpea,1.7451578847420928
Western Australia,South Coast,Gnowangerup,2024,lentil,1.8437443572193735
Western Australia,South Coast,Gnowangerup,2025,faba_bean,2.443248664627745
Western Australia,South Coast,Gnowangerup,2025,chickpea,1.6721536622404034
Western Australia,South Coast,Gnowangerup,2025,lentil,1.8471131579857534
Western Australia,South Coast,Jerramungup,2016,faba_bean,2.0194784498755745
Western Australia,South Coast,Jerramungup,2016,chickpea,1.551040619279928
Western Australia,South Coast,Jerramungup,2016,lentil,1.5199125281665526
Western Australia,South Coast,Jerramungup,2017,faba_bean,2.310116066072915
Western Australia,South Coast,Jerramungup,2017,chickpea,1.765391771373524
Western Australia,South Coast,Jerramungup,2017,lentil,2.154046141877854
Western Australia,South Coast,Jerramungup,2018,faba_bean,2.3833693337130355
Western Australia,South Coast,Jerramungup,2018,chickpea,1.6016068261736098
Western Australia,South Coast,Jerramungup,2018,lentil,1.984311550794327
Western Australia,South Coast,Jerramungup,2019,faba_bean,2.5362666725617373
Western Australia,South Coast,Jerramungup,2019,chickpea,1.8147362836269223
Western Australia,South Coast,Jerramungup,2019,lentil,2.0845005736696884
Western Australia,South Coast,Jerramungup,2020,faba_bean,1.855552943240813
Western Australia,South Coast,Jerramungup,2020,chickpea,1.279142038759806
Western Australia,South Coast,Jerramungup,2020,lentil,1.6685069163641
Western Australia,South Coast,Jerramungup,2021,faba_bean,2.359697151960849
Western Australia,South Coast,Jerramungup,2021,chickpea,1.623467118767724
Western Australia,South Coast,Jerramungup,2021,lentil,1.9327563071332399
Western Australia,South Coast,Jerramungup,2022,faba_bean,1.9513587320542305
Western Australia,South Coast,Jerramungup,2022,chickpea,1.907532875702261
Western Australia,South Coast,Jerramungup,2022,lentil,1.8570477587635843
Western Australia,South Coast,Jerramungup,2023,faba_bean,2.1853747794178875
Western Australia,South Coast,Jerramungup,2023,chickpea,1.6405725334727526
Western Australia,South Coast,Jerramungup,2023,lentil,1.7373639282457651
Western Australia,South Coast,Jerramungup,2024,faba_bean,2.4092135516396156
Western Australia,South Coast,Jerramungup,2024,chickpea,1.6894174949505507
Western Australia,South Coast,Jerramungup,2024,lentil,2.023549342504531
Western Australia,South Coast,Jerramungup,2025,faba_bean,2.37131127574068
Western Australia,South Coast,Jerramungup,2025,chickpea,1.5697340149430432
Western Australia,South Coast,Jerramungup,2025,lentil,1.9857936838931818
Western Australia,South Coast,Kojonup,2016,faba_bean,2.257240002019587
Western Australia,South Coast,Kojonup,2016,chickpea,1.621177142302326
Western Australia,South Coast,Kojonup,2016,lentil,1.775637928369165
Western Australia,South Coast,Kojonup,2017,faba_bean,2.570652163751312
Western Australia,South Coast,Kojonup,2017,chickpea,1.6604516886881688
Western Australia,South Coast,Kojonup,2017,lentil,2.054487934408309
Western Australia,South Coast,Kojonup,2018,faba_bean,2.1796999740298952
Western Australia,South Coast,Kojonup,2018,chickpea,1.7136964522316014
Western Australia,South Coast,Kojonup,2018,lentil,1.8734310314211222
Western Australia,South Coast,Kojonup,2019,faba_bean,2.335181975147671
Western Australia,South Coast,Kojonup,2019,chickpea,1.9999317920020694
Western Australia,South Coast,Kojonup,2019,lentil,1.982809445099775
Western Australia,South Coast,Kojonup,2020,faba_bean,1.95242155404794
Western Australia,South Coast,Kojonup,2020,chickpea,1.4380882492514757
Western Australia,South Coast,Kojonup,2020,lentil,1.4386859829552694
Western Australia,South Coast,Kojonup,2021,faba_bean,2.2186566934499803
Western Australia,South Coast,Kojonup,2021,chickpea,1.7350651011288387
Western Australia,South Coast,Kojonup,2021,lentil,1.630153942572092
Western Australia,South Coast,Kojonup,2022,faba_bean,2.2366048654121125
Western Australia,South Coast,Kojonup,2022,chickpea,1.698851866270829
Western Australia,South Coast,Kojonup,2022,lentil,1.9689379521538608
Western Australia,South Coast,Kojonup,2023,faba_bean,2.280058636372922
Western Australia,South Coast,Kojonup,2023,chickpea,1.4644456274474509
Western Australia,South Coast,Kojonup,2023,lentil,1.7652919496598949
Western Australia,South Coast,Kojonup,2024,faba_bean,2.503092313536525
Western Australia,South Coast,Kojonup,2024,chickpea,1.850162891510988
Western Australia,South Coast,Kojonup,2024,lentil,2.024363928858312
Western Australia,South Coast,Kojonup,2025,faba_bean,2.2539271631053897
Western Australia,South Coast,Kojonup,2025,chickpea,1.7987457177792525
Western Australia,South Coast,Kojonup,2025,lentil,1.9547125276906188
Western Australia,South Coast,Ravensthorpe,2016,faba_bean,2.0043870406644513
Western Australia,South Coast,Ravensthorpe,2016,chickpea,1.6341004898881457
Western Australia,South Coast,Ravensthorpe,2016,lentil,1.8736388891391127
Western Australia,South Coast,Ravensthorpe,2017,faba_bean,2.467023802506295
Western Australia,South Coast,Ravensthorpe,2017,chickpea,1.8383794460298295
Western Australia,South Coast,Ravensthorpe,2017,lentil,1.975177488214707
Western Australia,South Coast,Ravensthorpe,2018,faba_bean,2.2207264499055546
Western Australia,South Coast,Ravensthorpe,2018,chickpea,1.6576845307368764
Western Australia,South Coast,Ravensthorpe,2018,lentil,1.8920874625447153
Western Australia,South Coast,Ravensthorpe,2019,faba_bean,2.5665169534833834
Western Australia,South Coast,Ravensthorpe,2019,chickpea,1.7681197763754068
Western Australia,South Coast,Ravensthorpe,2019,lentil,2.10609405434559
Western Australia,South Coast,Ravensthorpe,2020,faba_bean,2.0091776393697818
Western Australia,South Coast,Ravensthorpe,2020,chickpea,1.1862202304325644
Western Australia,South Coast,Ravensthorpe,2020,lentil,1.6833845655235316
Western Australia,South Coast,Ravensthorpe,2021,faba_bean,2.264283722805606
Western Australia,South Coast,Ravensthorpe,2021,chickpea,1.641188422485507
Western Australia,South Coast,Ravensthorpe,2021,lentil,1.9360519417766549
Western Australia,South Coast,Ravensthorpe,2022,faba_bean,2.3342009947559426
Western Australia,South Coast,Ravensthorpe,2022,chickpea,1.7604618546976638
Western Australia,South Coast,Ravensthorpe,2022,lentil,1.8850078279787685
Western Australia,South Coast,Ravensthorpe,2023,faba_bean,2.119585202080139
Western Australia,South Coast,Ravensthorpe,2023,chickpea,1.760805267112907
Western Australia,South Coast,Ravensthorpe,2023,lentil,1.7247821167954234
Western Australia,South Coast,Ravensthorpe,2024,faba_bean,2.232056552341068
Western Australia,South Coast,Ravensthorpe,2024,chickpea,1.747557744516624
Western Australia,South Coast,Ravensthorpe,2024,lentil,1.8220642752239569
Western Australia,South Coast,Ravensthorpe,2025,faba_bean,2.304042145879119
Western Australia,South Coast,Ravensthorpe,2025,chickpea,1.8138364602806374
Western Australia,South Coast,Ravensthorpe,2025,lentil,2.03079459081194
Western Australia,Wheatbelt,Beverley,2016,faba_bean,1.9682259221116192
Western Australia,Wheatbelt,Beverley,2016,chickpea,1.2652890094816045
Western Australia,Wheatbelt,Beverley,2016,lentil,1.733056156795405
Western Australia,Wheatbelt,Beverley,2017,faba_bean,2.0719282566036163
Western Australia,Wheatbelt,Beverley,2017,chickpea,1.3636518358682592
Western Australia,Wheatbelt,Beverley,2017,lentil,1.6220799279957019
Western Australia,Wheatbelt,Beverley,2018,faba_bean,1.9723908243125692
Western Australia,Wheatbelt,Beverley,2018,chickpea,1.4784812603450852
Western Australia,Wheatbelt,Beverley,2018,lentil,1.6099504624036067
Western Australia,Wheatbelt,Beverley,2019,faba_bean,2.219633123277628
Western Australia,Wheatbelt,Beverley,2019,chickpea,1.4302383330335482
Western Australia,Wheatbelt,Beverley,2019,lentil,1.7576288951668995
Western Australia,Wheatbelt,Beverley,2020,faba_bean,1.914519289357261
Western Australia,Wheatbelt,Beverley,2020,chickpea,1.4796458843083333
Western Australia,Wheatbelt,Beverley,2020,lentil,1.6588227147652244
Western Australia,Wheatbelt,Beverley,2021,faba_bean,2.2509188135344904
Western Australia,Wheatbelt,Beverley,2021,chickpea,1.6684993223559559
Western Australia,Wheatbelt,Beverley,2021,lentil,1.724001441625792
Western Australia,Wheatbelt,Beverley,2022,faba_bean,2.384173957320194
Western Australia,Wheatbelt,Beverley,2022,chickpea,1.501781330104381
Western Australia,Wheatbelt,Beverley,2022,lentil,2.1282051951051186
Western Australia,Wheatbelt,Beverley,2023,faba_bean,2.3433512200510918
Western Australia,Wheatbelt,Beverley,2023,chickpea,1.8045301478008018
Western Australia,Wheatbelt,Beverley,2023,lentil,1.8829486157652369
Western Australia,Wheatbelt,Beverley,2024,faba_bean,2.206949729307669
Western Australia,Wheatbelt,Beverley,2024,chickpea,1.320361781481623
Western Australia,Wheatbelt,Beverley,2024,lentil,1.5863510117294568
Western Australia,Wheatbelt,Beverley,2025,faba_bean,2.206941142525853
Western Australia,Wheatbelt,Beverley,2025,chickpea,1.7165275527091377
Western Australia,Wheatbelt,Beverley,2025,lentil,2.1223168497468943
Western Australia,Wheatbelt,Northam,2016,faba_bean,2.153099882023668
Western Australia,Wheatbelt,Northam,2016,chickpea,1.5315788905175103
Western Australia,Wheatbelt,Northam,2016,lentil,1.5487046776315576
Western Australia,Wheatbelt,Northam,2017,faba_bean,2.0384621377213437
Western Australia,Wheatbelt,Northam,2017,chickpea,1.2699957520872198
Western Australia,Wheatbelt,Northam,2017,lentil,1.7195184906553576
Western Australia,Wheatbelt,Northam,2018,faba_bean,2.2783851669477597
Western Australia,Wheatbelt,Northam,2018,chickpea,1.5731358434599163
Western Australia,Wheatbelt,Northam,2018,lentil,1.677243054290203
Western Australia,Wheatbelt,Northam,2019,faba_bean,2.096338709636242
Western Australia,Wheatbelt,Northam,2019,chickpea,1.5089150251208399
Western Australia,Wheatbelt,Northam,2019,lentil,1.7111877484542324
Western Australia,Wheatbelt,Northam,2020,faba_bean,1.907070400190155
Western Australia,Wheatbelt,Northam,2020,chickpea,1.3163525654131818
Western Australia,Wheatbelt,Northam,2020,lentil,1.7095663578134006
Western Australia,Wheatbelt,Northam,2021,faba_bean,2.248966382523688
Western Australia,Wheatbelt,Northam,2021,chickpea,1.7572518579237284
Western Australia,Wheatbelt,Northam,2021,lentil,1.7980566750248106
Western Australia,Wheatbelt,Northam,2022,faba_bean,2.1531747094936207
Western Australia,Wheatbelt,Northam,2022,chickpea,1.6613146852701308
Western Australia,Wheatbelt,Northam,2022,lentil,1.6913833366407176
Western Australia,Wheatbelt,Northam,2023,faba_bean,2.2403309447543363
Western Australia,Wheatbelt,Northam,2023,chickpea,1.8878293452343957
Western Australia,Wheatbelt,Northam,2023,lentil,1.8567744811604663
Western Australia,Wheatbelt,Northam,2024,faba_bean,2.096070038851494
Western Australia,Wheatbelt,Northam,2024,chickpea,1.4668732230303034
Western Australia,Wheatbelt,Northam,2024,lentil,1.7518331058858094
Western Australia,Wheatbelt,Northam,2025,faba_bean,2.388750951093666
Western Australia,Wheatbelt,Northam,2025,chickpea,1.4623991472950573
Western Australia,Wheatbelt,Northam,2025,lentil,1.6835108681588453
Western Australia,Wheatbelt,Quairading,2016,faba_bean,2.0450460128079
Western Australia,Wheatbelt,Quairading,2016,chickpea,1.6795734624052074
Western Australia,Wheatbelt,Quairading,2016,lentil,1.7882851940098683
Western Australia,Wheatbelt,Quairading,2017,faba_bean,2.171474333179004
Western Australia,Wheatbelt,Quairading,2017,chickpea,1.5778063297987344
Western Australia,Wheatbelt,Quairading,2017,lentil,1.5582645373348742
Western Australia,Wheatbelt,Quairading,2018,faba_bean,2.1356304049140613
Western Australia,Wheatbelt,Quairading,2018,chickpea,1.540531142787053
Western Australia,Wheatbelt,Quairading,2018,lentil,1.664272608386332
Western Australia,Wheatbelt,Quairading,2019,faba_bean,2.2172883195068103
Western Australia,Wheatbelt,Quairading,2019,chickpea,1.5249364818994984
Western Australia,Wheatbelt,Quairading,2019,lentil,1.6983368834771402
Western Australia,Wheatbelt,Quairading,2020,faba_bean,2.1982396995939597
Western Australia,Wheatbelt,Quairading,2020,chickpea,1.427196932875538
Western Australia,Wheatbelt,Quairading,2020,lentil,1.636598308944572
Western Australia,Wheatbelt,Quairading,2021,faba_bean,2.294670970050395
Western Australia,Wheatbelt,Quairading,2021,chickpea,1.6551329921088602
Western Australia,Wheatbelt,Quairading,2021,lentil,1.8554221268055513
Western Australia,Wheatbelt,Quairading,2022,faba_bean,2.4702564943272347
Western Australia,Wheatbelt,Quairading,2022,chickpea,1.5238443240097845
Western Australia,Wheatbelt,Quairading,2022,lentil,1.7055122135365341
Western Australia,Wheatbelt,Quairading,2023,faba_bean,2.1015951780867868
Western Australia,Wheatbelt,Quairading,2023,chickpea,1.3849497169388352
Western Australia,Wheatbelt,Quairading,2023,lentil,2.0620392951115147
Western Australia,Wheatbelt,Quairading,2024,faba_bean,2.0388399766988674
Western Australia,Wheatbelt,Quairading,2024,chickpea,1.5738438372076053
Western Australia,Wheatbelt,Quairading,2024,lentil,1.638767093090482
Western Australia,Wheatbelt,Quairading,2025,faba_bean,2.388963434098354
Western Australia,Wheatbelt,Quairading,2025,chickpea,1.8646762360369102
Western Australia,Wheatbelt,Quairading,2025,lentil,2.037261669313117
Western Australia,Wheatbelt,Toodyay,2016,faba_bean,2.0116903602644745
Western Australia,Wheatbelt,Toodyay,2016,chickpea,1.2002393509836093
Western Australia,Wheatbelt,Toodyay,2016,lentil,1.735856831804933
Western Australia,Wheatbelt,Toodyay,2017,faba_bean,2.1484036095114485
Western Australia,Wheatbelt,Toodyay,2017,chickpea,1.6923392636360308
Western Australia,Wheatbelt,Toodyay,2017,lentil,1.6341686704613054
Western Australia,Wheatbelt,Toodyay,2018,faba_bean,2.276737765056176
Western Australia,Wheatbelt,Toodyay,2018,chickpea,1.3902255071920384
Western Australia,Wheatbelt,Toodyay,2018,lentil,1.686439568701903
Western Australia,Wheatbelt,Toodyay,2019,faba_bean,2.1915903831600514
Western Australia,Wheatbelt,Toodyay,2019,chickpea,1.5752965684814522
Western Australia,Wheatbelt,Toodyay,2019,lentil,1.7466724788187502
Western Australia,Wheatbelt,Toodyay,2020,faba_bean,2.1691756462544953
Western Australia,Wheatbelt,Toodyay,2020,chickpea,1.517387057736095
Western Australia,Wheatbelt,Toodyay,2020,lentil,1.7190858628183068
Western Australia,Wheatbelt,Toodyay,2021,faba_bean,2.468366683251245
Western Australia,Wheatbelt,Toodyay,2021,chickpea,1.6185359784722166
Western Australia,Wheatbelt,Toodyay,2021,lentil,1.776874366107471
Western Australia,Wheatbelt,Toodyay,2022,faba_bean,2.5308700619390456
Western Australia,Wheatbelt,Toodyay,2022,chickpea,1.6495545463906605
Western Australia,Wheatbelt,Toodyay,2022,lentil,1.8162339632878386
Western Australia,Wheatbelt,Toodyay,2023,faba_bean,2.119590840152603
Western Australia,Wheatbelt,Toodyay,2023,chickpea,1.7264553145045338
Western Australia,Wheatbelt,Toodyay,2023,lentil,1.9036153248993781
Western Australia,Wheatbelt,Toodyay,2024,faba_bean,2.10040698302633
Western Australia,Wheatbelt,Toodyay,2024,chickpea,1.531069776925254
Western Australia,Wheatbelt,Toodyay,2024,lentil,1.9278054972742709
Western Australia,Wheatbelt,Toodyay,2025,faba_bean,2.468185991765241
Western Australia,Wheatbelt,Toodyay,2025,chickpea,1.7263456472397607
Western Australia,Wheatbelt,Toodyay,2025,lentil,1.8591791834750995
Western Australia,Wheatbelt,York,2016,faba_bean,2.178160972352069
Western Australia,Wheatbelt,York,2016,chickpea,1.5567450563863823
Western Australia,Wheatbelt,York,2016,lentil,1.7069652463897387
Western Australia,Wheatbelt,York,2017,faba_bean,2.1195010973503425
Western Australia,Wheatbelt,York,2017,chickpea,1.419421866297526
Western Australia,Wheatbelt,York,2017,lentil,1.3858431257900885
Western Australia,Wheatbelt,York,2018,faba_bean,1.9863688839276947
Western Australia,Wheatbelt,York,2018,chickpea,1.605876226535279
Western Australia,Wheatbelt,York,2018,lentil,1.727630279392708
Western Australia,Wheatbelt,York,2019,faba_bean,2.2721009618444783
Western Australia,Wheatbelt,York,2019,chickpea,1.6243951499903626
Western Australia,Wheatbelt,York,2019,lentil,1.8440235589232763
Western Australia,Wheatbelt,York,2020,faba_bean,2.1811841986863243
Western Australia,Wheatbelt,York,2020,chickpea,1.4483990739681019
Western Australia,Wheatbelt,York,2020,lentil,1.4648620945963204
Western Australia,Wheatbelt,York,2021,faba_bean,2.2469525811903726
Western Australia,Wheatbelt,York,2021,chickpea,1.6071699146570886
Western Australia,Wheatbelt,York,2021,lentil,1.9638510276496155
Western Australia,Wheatbelt,York,2022,faba_bean,2.301695988699513
Western Australia,Wheatbelt,York,2022,chickpea,1.6398350955964103
Western Australia,Wheatbelt,York,2022,lentil,1.972759066590198
Western Australia,Wheatbelt,York,2023,faba_bean,2.267479136167339
Western Australia,Wheatbelt,York,2023,chickpea,1.688746326471715
Western Australia,Wheatbelt,York,2023,lentil,1.9440576252563664
Western Australia,Wheatbelt,York,2024,faba_bean,2.0194640202375966
Western Australia,Wheatbelt,York,2024,chickpea,1.5934323582583543
Western Australia,Wheatbelt,York,2024,lentil,1.710163969027102
Western Australia,Wheatbelt,York,2025,faba_bean,2.225476275197034
Western Australia,Wheatbelt,York,2025,chickpea,1.5330792499093286
Western Australia,Wheatbelt,York,2025,lentil,1.9326402501274715
